2022/1/4,ArbixFinance
2022/1/6,BoredBunny
2022/1/6,DoodledDragons
2022/1/7,MetalandDAO
2022/1/11,BigDaddyApeClub
2022/1/12,MultipleIDOProjects
2022/1/13,Frosties
2022/1/17,BNBHEROES
2022/1/19,AFKSystem
2022/1/20,KingfundFinance
2022/1/23,Solfire
2022/1/24,Blockverse
2022/1/26,Mercenary
2022/1/26,InfinityToken
2022/1/27,CryptobayVip
2022/1/27,Wegrocoin
2022/1/30,DataDAOFinance
2022/2/7,FileSystemVideo
2022/2/9,BabyMUSK
2022/2/14,BNB42
2022/2/17,AnimocaBrandsMetaverse
2022/2/19,GoldMineFinance
2022/2/21,DollarDoge
2022/2/21,Raptor2
2022/2/23,Web3Memes
2022/3/3,TheCatWorld
2022/3/6,PeacedogeX
2022/3/7,SkyLands
2022/3/8,WanderVerseNFT
2022/3/14,NFTflow
2022/3/14,PulseDAOFinance
2022/3/17,ElonaVsPutin
2022/3/20,TTSDAO
2022/3/21,WW3Apes
2022/3/22,REALSWAK
2022/3/23,elonmoonspace
2022/3/23,DoodleMonkey
2022/3/28,BuccaneerFi
2022/3/29,BNBDEFI
2022/3/31,ColaCoin_
2022/4/1,GHOSTP2E
2022/4/1,ZoroInu(Zoro)
2022/4/8,crypto_klash
2022/4/20,MaxAPYFinance
2022/4/21,See
2022/4/21,Moonbird
2022/4/22,OP
2022/4/22,Bnbinsane
2022/5/5,PragmaMoney
2022/5/6,DayofDefeat
2022/5/7,FuryoftheFur
2022/5/8,HunterGlobal
2022/5/8,Cashera
2022/5/9,GOAT
2022/5/13,LunaDao
2022/5/14,BlizzFinance
2022/5/16,TOM
2022/5/16,BurgersNetwork
2022/5/17,ALG
2022/5/17,STARBASE
2022/5/18,JJHDAO
2022/5/24,DecentraWorld
2022/5/24,Starship
2022/5/24,KonnectNet(KCT)
2022/5/25,SHIDAO
2022/5/26,Magic
2022/5/27,PokeMoney
2022/5/27,SportMove
2022/5/29,BreedTech
2022/5/30,LUNAv2
2022/5/31,LlamaCoin
2022/5/31,FlokiMoon
2022/5/31,StarFinancial
2022/6/1,ArmadilloCoin
2022/6/2,AniMoon
2022/6/2,TryAnonPay
2022/6/2,StarMan
2022/6/3,AutomatedAssassins
2022/6/3,ADAF
2022/6/4,FOMODAO
2022/6/5,ACCTOKEN
2022/6/8,BabyElon
2022/6/8,Verify
2022/6/10,BoredApeEuropeClub
2022/6/11,HEGEcoin
2022/6/11,MetaApes
2022/6/13,ElonMVP
2022/6/16,Starlink2
2022/6/20,DHE
2022/6/20,stepup2games(STP)
2022/6/21,LVPLUS(LVP)
2022/6/21,DHE
2022/6/24,Justcows
2022/6/25,DMCToken
2022/6/25,SwelloFinance
2022/6/29,SkateMetaverse
2022/6/30,DarkLight
2022/7/2,Nody
2022/7/3,ADAF
2022/7/6,KleinBottle
2022/7/6,SHADEINUToken
2022/7/6,BabyDAO
2022/7/7,ProjectX
2022/7/13,ForestTigerPro
2022/7/13,retawatchcoin(RTW)
2022/7/15,ElronToken
2022/7/16,SKG
2022/7/16,NeotericFinance
2022/7/19,FreedomProtocol|RaccoonNetwork
2022/7/19,LoopXNetwork
2022/7/20,ATM_Official1(ATM)
2022/7/20,GSTToken
2022/7/21,MyBigCoin
2022/7/21,StrategyXFi
2022/7/21,ORCHID_DAO
2022/7/21,MetooMovement
2022/7/24,YYDNS
2022/7/25,TEDDYDOGE
2022/7/25,SuperStep
2022/7/26,SuperStepO(SGMT)
2022/7/26,Btop_token
2022/7/27,TBIS
2022/7/27,CryptosTribe
2022/7/27,LarpFinance(LARP)
2022/7/28,CryptosTribe(CSTC)
2022/8/2,freedomprot
2022/8/3,TiFiToken(TiFi)
2022/8/7,Dragoma
2022/8/7,SaxonJamesMusk
2022/8/8,AIDAY
2022/8/9,XSTABLEProtocol
2022/8/10,BlurFinance(BLR)
2022/8/10,AMO
2022/8/11,ATR
2022/8/11,Bitnity
2022/8/12,GoldSocialfiGameFi
2022/8/12,BNBGrowth
2022/8/13,MMFinance
2022/8/13,MetaverseBNQ
2022/8/13,HashFree
2022/8/14,PAKREVOLUTION
2022/8/14,FIOProtocol
2022/8/14,GEMDAO
2022/8/16,Nut2Earn
2022/8/17,YieldTopia(YIELD)
2022/8/20,HUT
2022/8/21,PDR
2022/8/22,Dogioh
2022/8/23,SudoRare
2022/8/23,WorldCup
2022/8/23,LaEab
2022/8/24,Pok√©monFi
2022/8/25,NFTCrossChain
2022/8/25,ROBOTSHIB
2022/8/26,ArcadeEarn
2022/8/26,GMT
2022/8/28,MarvelMetauniverse
2022/8/29,GalaxyCoin
2022/8/29,QWCF
2022/8/30,HeroCat
2022/9/1,Carillonium
2022/9/2,MetaMagicCoin
2022/9/6,Cornerchain
2022/9/11,MoonGod
2022/9/15,GiantDivineShield
2022/9/15,F*ckTheMerge
2022/9/15,TSUKA
2022/9/17,HunterDoge
2022/9/17,METAtoken(META)
2022/9/17,OutpostDevs(OUT)
2022/9/19,BNQToken
2022/9/19,HPD
2022/9/19,EthereumPoWtoken(ETHW)
2022/9/20,FurToken(FUR)
2022/9/21,SherLOCK
2022/9/22,SiriusToken
2022/9/23,TIGER
2022/9/24,SSPF
2022/9/26,Dollar
2022/9/27,NWN
2022/9/27,e-STD
2022/10/2,BTU(BTU)
2022/10/3,SLS
2022/10/5,SexDAO
2022/10/5,Easier(EAI)
2022/10/7,GMX(GMX)
2022/10/9,Jumpnfinance(JST)
2022/10/10,DMCToken(DMC)
2022/10/11,TheMicroElements(TME)
2022/10/11,TheMicroElements
2022/10/11,FlokiChain
2022/10/12,MetaF_DAO(FD)
2022/10/12,LGT
2022/10/12,KHABYFanToken(KFT)
2022/10/15,FDB
2022/10/16,SHOK
2022/10/18,DDCX
2022/10/20,DD(DD)
2022/10/20,MangoINU
2022/10/22,NWTToken
2022/10/22,BTDOG
2022/10/23,Freeway
2022/10/23,A6Token
2022/10/23,ATV
2022/10/24,SantaCoin(SANTA)
2022/10/26,NWT
2022/10/28,GDAO
2022/10/28,HLG
2022/10/29,LOO
2022/11/1,FITE(FTE)
2022/11/3,metfxmetaverse(MFX)
2022/11/5,GalaxyPig(GalPig)
2022/11/6,Katyusha(KA)
2022/11/7,minerswapfi(MSP)
2022/11/7,DefiWzToken(DEFIWZ)
2022/11/8,DefiWzToken(DEFIWZ)
2022/11/8,SSIDToken(SSID)
2022/11/8,DeFiSafe(dSafe)
2022/11/8,LotterySwap(LOTTO)
2022/11/11,FairCoin(Fair)
2022/11/11,SpaceCat(SCAT)
2022/11/13,DefiForge(FORGE)
2022/11/14,Flare
2022/11/14,DeFiAI
2022/11/15,Ranger
2022/11/16,Cezar
2022/11/16,Artificialintelligencerobot(AIT)
2022/11/17,LRYA
2022/11/17,BoxerInuFinance(BOXER)
2022/11/17,copycatMeta(META)
2022/11/21,TrustBridge(TWG)
2022/12/2,CrolendFinance
2022/12/2,BGE
2022/12/2,WrestlingShiba(WWE)
2022/12/5,Lymex
2022/12/9,BOB
2022/12/10,NovaExchange
2022/12/12,WOG
2022/12/14,BTDog
2022/12/19,mgnr
2022/12/26,PECO
2023/1/4,CLU
2023/1/20,FFF
2023/1/20,FTX2
2023/2/1,rally
2023/2/6,BSC-WBNB-WOOF
2023/2/21,hopefinance
2023/3/2,arbi
2023/3/10,suckr
2023/3/13,BCGA
2023/3/15,poolz
2023/3/21,BNQ
2023/3/22,nuwa
2023/3/27,kokomofinance
2023/5/30,BlockGPT_BSC
2023/5/19,Swaprum
2023/5/11,LADYS
2023/5/9,Derpman
2023/5/7,Pepega
2023/5/6,GeniusMeme
2023/5/8,HakunaMatata
2023/5/8,FIX
2023/5/8,Freddie
2023/5/5,YODA
2023/5/4,zjz.eth
2023/4/25,ordinalsfinance
2023/4/18,ArbShibAI
2023/4/12,SyncDex_Finance
2023/4/4,TwitterLogo$DOGE
2023/5/26,SeaSwapSui
2023/4/26,MerlinDex
2023/4/25,OrdinalsFinance